{
    "rouge1": 0.20035302714860215,
    "rouge2": 0.19151247751724798,
    "rougeL": 0.19969214803355184,
    "rougeLsum": 0.1997652894661115,
    "meteor": 0.516069530851678
}