{
    "rouge1": 0.20376638821663795,
    "rouge2": 0.19600866568173161,
    "rougeL": 0.2038193773194639,
    "rougeLsum": 0.203716046230784,
    "meteor": 0.5033023579739322
}