{
    "rouge1": 0.06473119295817989,
    "rouge2": 0.005353695864771323,
    "rougeL": 0.0474815854736054,
    "rougeLsum": 0.06065248430866389,
    "meteor": 0.09876457281993507
}