{
    "rouge1": 0.20454138990642673,
    "rouge2": 0.1964036999981038,
    "rougeL": 0.2036140520404237,
    "rougeLsum": 0.20414148522324094,
    "meteor": 0.503675471385507
}