{
    "rouge1": 0.26263632797659636,
    "rouge2": 0.16148096780962312,
    "rougeL": 0.22746725730828593,
    "rougeLsum": 0.24824580423442938,
    "meteor": 0.33605288849120385
}