{
    "rouge1": 0.26549969007503693,
    "rouge2": 0.1819384478296732,
    "rougeL": 0.2295274334041889,
    "rougeLsum": 0.25689012662822197,
    "meteor": 0.35535394751525823
}