{
    "rouge1": 0.42505589938369276,
    "rouge2": 0.23238912238502962,
    "rougeL": 0.36993561199980657,
    "rougeLsum": 0.40616923306286745,
    "meteor": 0.5444463880782691
}