{
    "rouge1": 0.21375635096818127,
    "rouge2": 0.20585731756801817,
    "rougeL": 0.21400070940172067,
    "rougeLsum": 0.21347914429155446,
    "meteor": 0.5204630581165172
}