{
    "rouge1": 0.1606723336721161,
    "rouge2": 0.15554689730591237,
    "rougeL": 0.1611047112241875,
    "rougeLsum": 0.16095741396203833,
    "meteor": 0.39806562279587426
}